task_name,index,model_name,prompt,output,score
ko_quiz_1,0,gpt-3.5-turbo,'가방에 신발을 우겨넣었다. '에서 '우겨넣다'이 바른 말이면 1, '욱여넣다'이 바른 말이면 2라고 대답해.,1,100
ko_quiz_1,0,kullm5.8b,'가방에 신발을 우겨넣었다. '에서 '우겨넣다'이 바른 말이면 1, '욱여넣다'이 바른 말이면 2라고 대답해.,1,98
ko_quiz_1,0,kullm12.8b,'가방에 신발을 우겨넣었다. '에서 '우겨넣다'이 바른 말이면 1, '욱여넣다'이 바른 말이면 2라고 대답해.,1,100
ko_quiz_1,0,llama2_13b,'가방에 신발을 우겨넣었다. '에서 '우겨넣다'이 바른 말이면 1, '욱여넣다'이 바른 말이면 2라고 대답해.,1,100
ko_quiz_1,1,gpt-3.5-turbo,'귀뜸'과 '귀띰'중에 뭐가 맞아?, 귀띔,1,100
ko_quiz_1,1,kullm5.8b,'귀뜸'과 '귀띰'중에 뭐가 맞아?, 귀띔이다.,1,100
ko_quiz_1,1,kullm12.8b,'귀뜸'과 '귀띰'중에 뭐가 맞아?, 귀뜸입니다.,1,0
ko_quiz_1,1,llama2_13b,'귀뜸'과 '귀띰'중에 뭐가 맞아?, 귀띔이 맞는 표현입니다,1,100
number_1,1,gpt-3.5-turbo,1이 한국어로 뭐야?,일 입니다,100
number_1,1,kullm5.8b,1이 한국어로 뭐야?,숫자 1은 한국어로 1 입니다,98
number_1,1,kullm12.8b,1이 한국어로 뭐야?,일,100
number_1,1,llama2_13b,1이 한국어로 뭐야?,하나,100
number_2,1,gpt-3.5-turbo,"일"을 숫자로 바꿔줘,1,100